"construct","subjectID","percent","self_change_pgACC","self_change_vmPFC","self_change_VS","self_pgACC","self_vmPFC","self_VS","model","self_change_con","self_change_tmap","self_con","self_tmap"
"well-being","FP001",75,1.20923232898749,0.778378109563332,0.847308914941691,0.30872693836431,-0.0198445639069279,0.401906717902939,"wellbeing_self_change",4.02302160631726,2.87344966594978,2.17188565081901,1.58268830876066
"well-being","FP002",100,1.40817315805704,1.98871224027671,0.00621714421505889,1.06299710164971,1.62822601811299,1.72227431643948,"wellbeing_self_change",2.53146810508021,2.47105395735188,1.25463729951903,1.35088064712468
"well-being","FP003",83.3333333333333,0.712696736791087,0.570873663303243,0.707891817488088,0.0709513287656652,0.0666241303441793,0.921671904470425,"wellbeing_self_change",0.163081385047665,0.0490277297553455,0.0495452749128904,-0.353098680242323
"well-being","FP004",100,1.17598480408951,0.965477867197063,1.02034141818703,0.696801483859045,0.668244654380937,1.63693518293007,"wellbeing_self_change",3.45370156858664,3.05185554772646,3.71776477502611,3.26895243549303
"well-being","FP005",91.6666666666667,1.95166325044011,0.59496472104351,2.6711009849915,0.583786290494075,-0.309904661738565,1.55949238928861,"wellbeing_self_change",3.49602092624338,3.5207395282729,3.88336461907052,3.75129051624276
"well-being","FP006",83.3333333333333,1.23664078137982,1.2332557196313,-0.0337680066120637,0.7075229446745,0.367869638150352,-0.276963156017671,"wellbeing_self_change",2.44921657497943,1.88467572249362,1.4539686112732,0.938870107276387
"well-being","FP007",75,-0.501105133777799,-0.476762439451653,-0.785095328103243,-0.427378321207189,-0.328183459431787,-0.12805810063084,"wellbeing_self_change",0.706246381626126,0.686096260719212,0.763663099020362,0.631713601823857
"well-being","FP008",91.6666666666667,0.692270979391386,0.757439532996338,-0.902459793100587,0.845923258339449,0.349610162115934,-0.589980860933901,"wellbeing_self_change",2.46849132290965,2.50973091719129,1.25797949998936,1.48111222192801
"well-being","FP009",83.3333333333333,-0.491615266409862,0.00119317853155431,-1.29770903970723,-1.6307176954757,-0.675352990961962,-1.22998422445654,"wellbeing_self_change",2.51812586693599,2.48074387152565,1.30633000012671,1.275605053533
"well-being","FP010",100,0.195281786929715,-0.0324819965405788,-0.592481754499119,0.12228128460204,-0.417629519611639,0.151148912668956,"wellbeing_self_change",3.25056628828458,2.14558430209266,2.67306717912445,1.96191204795539
"well-being","FP011",100,0.468308460052571,-0.838366775502478,-0.0556724379681612,-0.477628983321474,-0.864130682123401,0.746282077475644,"wellbeing_self_change",0.161322904059304,0.219094172966301,-0.715242041317527,-0.44921432906175
"well-being","FP012",41.6666666666667,1.40404402109683,1.09189744689235,0.50781570098627,-1.04689841587142,-0.505589845922409,0.316216378661373,"wellbeing_self_change",0.613393149276292,0.525570877341841,0.405136589604546,0.396345979259005
"well-being","FP013",41.6666666666667,1.36550174401153,0.744443175127169,-0.165115322597677,0.404201821835194,0.52466439087953,-0.125048537664549,"wellbeing_self_change",1.75045673707727,1.79497120719814,0.792337941203714,0.78036394567173
"well-being","FP014",75,1.59158161440677,1.63121579058054,0.924728552161247,1.16572519081687,1.4127437606257,1.3635659035913,"wellbeing_self_change",0.896399865115583,0.670743409690646,0.709208750542579,0.687548585733996
"well-being","FP015",100,0.222080490601824,0.329295980207129,0.0862862311651302,-0.389956574231725,-0.0735677243606649,1.22527575200351,"wellbeing_self_change",2.12844742533496,1.82946658255366,0.632850610463915,0.53326529959332
"well-being","FP017",83.3333333333333,0.572460029324928,0.589346186049209,0.697469111990824,0.0658853010757366,0.683488426247826,1.20614082870667,"wellbeing_self_change",0.421542637091077,0.525725484506766,0.0960310747582058,0.346145402646167
"well-being","FP018",100,3.20962049519506,3.10346517567529,1.80446417657047,1.85253647246993,2.38762822487204,1.17504947290205,"wellbeing_self_change",4.05300323445888,3.38676343107701,3.33378307654668,2.87410442333269
"well-being","FP019",100,2.97394079373122,2.90655204922798,0.918321942102201,0.827537327587201,1.29100714086684,0.679503587999944,"wellbeing_self_change",1.92407128143224,1.9017939716147,1.88632556693049,1.73655040610831
"well-being","FP020",83.3333333333333,0.524441080515767,0.635148686708628,0.378236995317319,0.212309665978672,0.310930743513995,0.513973765450255,"wellbeing_self_change",1.56150275506845,1.43146818936745,1.77605770845033,1.57941768622004
"well-being","FP022",100,1.13342335374467,0.709654019985989,0.0130476402957948,1.4141936706688,0.600669695037722,0.951798409362542,"wellbeing_self_change",2.42057035242709,3.24449967073807,1.39691601139274,1.91663974647207
"well-being","FP023",100,1.13781090540145,-0.365097488576694,-0.53836133711478,0.821824713337325,-0.651083970574816,-0.687538866399302,"wellbeing_self_change",3.10924965079246,2.97096004531623,2.57337057694672,2.41101650167983
"well-being","FP024",100,1.04534792769196,0.907767123137959,1.77987205651249,-0.965519779189598,-1.05282193428493,0.416806331634236,"wellbeing_self_change",3.95008246209571,3.46385847364248,1.98157828033472,1.81397589380003
"well-being","FP025",83.3333333333333,0.635359266108934,1.25745863960675,1.37104542786506,-0.505906148949109,0.486846311488482,0.482464050289968,"wellbeing_self_change",2.84160128100475,2.45486694673581,2.51057434366541,1.8492275645206
"well-being","FP026",100,1.544445674114,1.39863894969883,0.392534542079212,0.660112095130052,0.489159317433195,0.408563417318507,"wellbeing_self_change",2.04514411561076,1.96826426598592,1.74706721400033,1.42242414175903
"well-being","FP027",50,0.686662830657148,0.88078798587121,0.275977464325454,-0.0532219362882754,0.10181700646142,1.19247853978557,"wellbeing_self_change",3.38994481500996,2.92815543372487,3.20848769447032,2.37628124504462
"well-being","FP030",100,2.7389538635816,3.39714930484795,1.11447227321121,0.165021425960473,0.988246916703377,0.688523014330059,"wellbeing_self_change",1.8287611391531,1.85183787976671,0.598451940512127,0.672763027843197
"well-being","FP031",75,1.73141695436548,1.25290788049372,0.972523406963191,1.82389642663008,1.09920408470847,1.54731983017642,"wellbeing_self_change",3.66071307042218,3.1535475115768,3.1420645547527,2.63633053088073
"well-being","FP032",100,1.68687615740855,1.39126112682396,-0.785666519843447,0.479840903160478,-0.178486873989526,-0.534875523738075,"wellbeing_self_change",2.52038305691433,2.45191862405586,1.97652784406845,2.147454867561
"well-being","FP033",100,2.21184836259856,1.9309150572177,2.69336974405216,0.0853989095783692,0.292517711138556,1.13318266210655,"wellbeing_self_change",2.17244490328973,2.01963699092647,1.435091367876,1.24425761979821
"well-being","FP034",41.6666666666667,1.3059069164327,1.43212643519427,1.03274554151822,0.518966537677844,0.508820630660308,1.48784641992949,"wellbeing_self_change",2.00366381810304,1.91775446475657,1.72687784745552,1.432898923916
"well-being","FP035",91.6666666666667,1.19050001257813,1.10705477975933,1.13751291300188,-0.177213101453904,0.449000775003344,0.85286645619773,"wellbeing_self_change",2.20610185123901,2.15466297863766,1.82600503770128,1.81781054307218
"well-being","FP036",75,0.780511350995102,0.820534918285273,0.468390348939777,-0.45087041640011,-0.0693545858119977,0.634221204974169,"wellbeing_self_change",1.59004261788359,1.40206765942352,1.14179594667672,1.15174624829371
"well-being","FP037",50,1.2715762490831,1.71579889431827,1.24238062898043,-0.0100985714330028,0.627038674658032,0.754346687342742,"wellbeing_self_change",0.41414354470658,0.543868455534903,0.425989444835315,0.490186842344973
"well-being","FP038",75,0.978935350671501,0.257820588109048,0.242335814588892,0.100675616694135,-0.0953473015503358,0.169146855650496,"wellbeing_self_change",1.10793638288153,0.924561632795936,0.682044087831003,0.566352426168866
"well-being","FP039",100,0.544578733019709,0.622579439191967,0.351424946279846,-0.136974634285744,-0.124317078138595,0.665443008622163,"wellbeing_self_change",1.41484449521921,1.15106832044151,1.35758945252527,1.13784701812388
"well-being","FP040",100,2.09799194692346,3.31102555305297,-0.789348390925574,0.7608553395001,1.34241292257939,0.829802659985165,"wellbeing_self_change",3.60520510535273,3.78348901178919,2.87463900304576,3.01370836440864
"well-being","FP041",91.6666666666667,-0.372633442646466,-0.189076668408195,1.09761439806789,-0.805808500334544,0.142422489367287,0.600307081339915,"wellbeing_self_change",2.66223149309244,2.3579030857198,2.27764772792436,1.99670224225925
"well-being","FP042",91.6666666666667,0.399612486787675,0.528554145875584,-0.280683621136298,0.396475772226026,0.319812096522632,0.19618660950332,"wellbeing_self_change",1.52151149388152,0.965626014903022,1.09106381924126,0.508759436861753
"well-being","FP043",75,-0.40285146759095,-0.280089816809987,0.82920059301576,0.0358089643595674,0.119806996201994,1.16249869223216,"wellbeing_self_change",3.49825448072456,1.90046722640872,2.70037419481902,1.64125186354735
"well-being","FP044",100,2.52111027436664,2.65275189154427,1.40198240752368,0.688669668194399,0.134877890069058,1.12097922776516,"wellbeing_self_change",2.21924318765742,2.18261092033439,1.05252205855829,1.23422600150173
"well-being","FP045",91.6666666666667,1.44313061850046,1.27678029841068,-0.0722463381909133,1.02504313036299,0.559438292079549,-0.357613885973031,"wellbeing_self_change",2.21342885535719,1.94097430361898,1.33673164588639,1.0256826112857
"well-being","FP046",50,0.702563581774223,0.453665430210377,-0.850357843825213,-0.0219279715145725,0.0898152055559477,-0.103667441443395,"wellbeing_self_change",0.560049013971419,0.45345562369314,0.565463184018005,0.246767188810855
"well-being","FP047",91.6666666666667,1.34108430427746,1.26612796283325,1.71231705502241,0.207859984831007,0.162635995264429,0.836965713159616,"wellbeing_self_change",2.30854991365908,1.94697162341187,1.32132038816212,1.04210897421368
"well-being","FP048",100,0.348315520061502,-0.0692610283062102,-0.873514265725379,-2.12334407811323,-2.03495202058275,-0.367706998398583,"wellbeing_self_change",3.27044374139227,3.13454161683746,2.36028672918319,2.41985047879962
"well-being","FP050",75,1.65164378771346,1.60678914613473,-0.759403278005009,0.0861296183693302,0.0821201007049303,-0.610207995463696,"wellbeing_self_change",1.44522792681248,1.56670990800644,0.708444995842509,0.671026997513686
"well-being","FP051",75,-0.15946660962106,0.774086667450039,-1.08438436235559,-0.8635889268523,0.0317865693630489,-1.37077526960955,"wellbeing_self_change",2.53164537130887,2.17804102018046,1.98758186266104,1.67534251820367
"well-being","FP052",83.3333333333333,-0.212119978595014,0.0570487230127164,0.221733546024314,-0.398992841334393,0.19593585728359,-0.392928201251514,"wellbeing_self_change",-0.0129947963360372,-0.0122314761893558,-1.00946461368431,-1.05985384118938
"well-being","FP053",100,1.6997419103871,2.2645950201145,-0.330682195422407,1.47197959537159,1.6019536467867,-0.0124158559182852,"wellbeing_self_change",2.67829181340953,2.90626953109937,1.77823632801617,1.7840751520065
"well-being","FP054",75,1.16099125350297,1.03019525489612,0.316821533153697,-0.0794476740980362,0.695289892059384,0.600268487303415,"wellbeing_self_change",1.67468133319707,1.57729510553059,1.58572558092552,1.38433402482459
"well-being","FP055",100,-0.0404986412839484,-0.311731066960242,-0.206373119497203,-0.995275956591262,-1.0716452976776,0.212684788226459,"wellbeing_self_change",2.79235672268148,2.32557580618869,1.38748357895427,1.44935458693392
"well-being","FP058",58.3333333333333,1.90560495441391,1.65634411631976,-0.311159016118377,0.452760692414651,0.383848141516496,-1.3073266736031,"wellbeing_self_change",2.50466545130599,1.98731330691082,1.65445112541158,1.03555307908746
"well-being","FP059",100,1.87088391592694,2.97546935539336,2.54077664253736,1.72735929381071,3.10762950161224,2.61959338387823,"wellbeing_self_change",3.73718572146847,3.58394149908792,3.50184624612293,3.47933806886463
"well-being","FP060",100,-0.347777247746716,-0.096028644255527,1.17683251738836,-0.926790563813152,-0.723331720560349,-0.128829209480116,"wellbeing_self_change",0.19945168807039,-0.0810813905596937,0.193512169379722,-0.0270199203245771
"well-being","FP061",91.6666666666667,1.82356653552806,2.04194341028154,1.67708841850496,1.06716472590515,1.41818433297312,0.947985318556314,"wellbeing_self_change",1.67426771199685,1.62127545067846,1.4007162171127,1.40996061599673
"well-being","FP062",100,0.254288308709956,-0.140562017010351,-0.00950671463496734,-0.0188146792211656,0.47096085716342,1.07245880507701,"wellbeing_self_change",1.25373312885945,1.11898194044644,1.51097169707261,1.2797876413733
"well-being","FP063",75,0.707704384780608,1.10489888940857,0.24619830576184,-0.755054754289687,-0.489531513597523,-0.260548340413373,"wellbeing_self_change",1.35927744140688,1.1209199232812,0.428216340630171,0.864726229659014
"well-being","FP064",83.3333333333333,1.33821425168994,0.784886457792024,0.437801487490387,-0.25406783149011,-0.38555302367359,1.2386215698253,"wellbeing_self_change",2.27348665362905,2.02012598102949,2.73305348830663,2.46373468852158
"well-being","FP065",91.6666666666667,0.497104104528872,0.650473812928376,0.644228638638691,-0.314917894712106,-0.435135450952704,-0.107320752938511,"wellbeing_self_change",2.03708441108077,1.65121171242644,0.292423973372941,0.374634612606377
"well-being","FP066",100,1.28575057009964,1.16408926576029,0.646603715644918,-1.17362608271011,-0.00110437517076204,0.673705991836873,"wellbeing_self_change",2.70881705798573,2.99906978520881,2.24864485495411,2.53558217158916
"well-being","FP068",100,0.876152279654,1.344365427048,0.0631914053472182,0.96071436547026,1.26509577948136,0.919966048057113,"wellbeing_self_change",2.04559319005671,1.70940153468553,2.32831301135042,1.72671656341899
"well-being","FP069",91.6666666666667,-0.0361420993907512,0.542577602449594,0.159817133266919,-0.11670392570399,0.375698469218881,0.921779967772626,"wellbeing_self_change",3.0541198536775,2.03761097272783,2.35705593539521,1.78302767379081
"well-being","FP070",91.6666666666667,1.26489595426732,1.07951633131667,0.44244435008137,0.407927941832442,1.3033679178543,0.723239893923519,"wellbeing_self_change",1.70926006553542,1.60185607166083,1.94642328279502,1.65032390389798
"well-being","FP071",91.6666666666667,1.58508825788213,1.27937346840805,0.580523006349143,-0.381487719824522,-0.211822837002768,0.750145340529322,"wellbeing_self_change",2.22436027279156,2.07300522694919,2.39936571764545,2.18422648044771
"well-being","FP072",100,0.486118181013302,0.76430889116584,0.872943073985175,-0.299844620442582,0.057987348858823,0.0142582580327355,"wellbeing_self_change",2.18328177873548,2.03171792288337,1.56294910364627,1.40830882342582
"well-being","FP074",100,0.977967670105593,0.0962803342846834,-0.692210288577296,0.415541278648422,-0.0304666458343879,-0.171539685913513,"wellbeing_self_change",3.96541008200098,3.62449531799921,3.79479630660694,3.50747714274995
"well-being","FP075",58.3333333333333,-0.342378579862257,-0.770222335689253,1.02312790762235,-0.705571088987584,-0.351002338479227,2.38481042223244,"wellbeing_self_change",3.23326510436683,3.39166052313812,2.99188834695282,3.30297716494696
"well-being","FP076",83.3333333333333,0.694541729810249,0.493544317052276,-0.442028306367897,-0.580097008336552,-1.05869978627897,-0.828235742103254,"wellbeing_self_change",1.03055731051933,0.844557818220612,0.550115056747062,0.322359223373986
"well-being","FP077",91.6666666666667,1.7843424834986,2.23568371696735,0.48971432598691,0.356417095708463,0.720204662622345,0.812852159154243,"wellbeing_self_change",2.35865716762852,2.24570502568551,1.98916631325438,1.75149345198259
"well-being","FP078",91.6666666666667,0.468323305152162,0.812445244822891,0.981183908753853,-0.797902110256275,-0.383083410599625,0.894679235342131,"wellbeing_self_change",3.05069270658997,2.07459084926853,1.63057295982916,1.26611548690059
"well-being","FP079",83.3333333333333,1.23715761077297,1.02244625278633,0.293454387814239,0.771208421918307,0.911585693075262,0.0539076098670765,"wellbeing_self_change",0.933544230670147,0.734265381381907,0.189676065951006,0.0196382021631335
"well-being","FP081",75,0.916069102997697,1.37534618154599,0.940058103459157,-0.407123557362031,0.51552219547704,1.23380503407007,"wellbeing_self_change",1.98170644124568,1.95595681655482,0.313234741634824,0.726030591371506
"well-being","FP084",83.3333333333333,2.08647874746317,1.62803280152495,1.67519731071644,0.691418760711183,0.325754523534251,0.826993014127944,"wellbeing_self_change",2.52358566677888,1.91721513743707,1.87324147101519,1.29708568197728
"well-being","FP086",58.3333333333333,0.333454475734274,0.136434300532185,-0.0561085505806143,-0.327829832444935,0.0503169045460159,-1.9609398381572,"wellbeing_self_change",1.56929065138116,1.69315699582205,0.846544719276288,0.900505301998676
"well-being","FP087",83.3333333333333,1.29171060267603,2.08142061000619,1.84673236534557,-1.11802293746565,0.449039418320952,0.556992994175654,"wellbeing_self_change",2.8220192716115,2.75539810674114,2.99999627772342,2.98489538845449
"well-being","FP088",75,-0.679212789936664,-0.956228894206445,-0.386324761606317,-1.75025373629048,-1.45930387369611,-0.0232730530784703,"wellbeing_self_change",0.708930192328122,0.909453276818878,-0.745809559248703,-0.114108467806331
"well-being","FP090",100,1.48495531205081,1.4728798813294,0.375984647347163,1.45761833606391,1.55053261113298,1.14598044461004,"wellbeing_self_change",2.77307015700268,2.63028495516244,2.46077555665759,2.10904611214837
"well-being","FP092",100,0.160170377305357,0.389207359511059,1.06604447621066,-0.864963473110691,-0.72563506567566,-0.100985927787356,"wellbeing_self_change",3.75025615139541,3.2771289735681,3.17572175134089,2.81064775352442
"well-being","FP095",91.6666666666667,0.21131339485059,1.09875663576774,1.44250614584897,-0.842453903583268,-0.160014859708265,0.663082597349806,"wellbeing_self_change",0.817523484008593,0.784465968281402,1.29460754144005,1.09559628841661
"well-being","FP096",66.6666666666667,1.19050551076316,1.22820158045996,0.944249415823087,0.0792744812694789,0.19698278611194,0.879712467987323,"wellbeing_self_change",1.7830855409003,1.63013839629566,0.672258867565111,1.13822791929322
"well-being","FP097",41.6666666666667,0.577633821441514,1.43676363330721,-0.214670837344763,-0.433625359042328,0.304463072461732,0.367503993766592,"wellbeing_self_change",0.451079917886177,0.933974692279024,0.33003115577624,0.975011768229175
"well-being","FP098",91.6666666666667,0.851525908888654,-0.0226201201941123,0.0988532213303506,-0.0970990473297997,-0.285666149233742,0.854695813527844,"wellbeing_self_change",3.03692502949695,2.22599440991535,1.23082597794601,1.40291394436386
"well-being","FP100",75,1.3279876275275,1.05156602646267,1.17146794631482,-0.609726727482444,-0.466991781673329,1.64026970768369,"wellbeing_self_change",1.06817793134158,1.20980466105103,0.93082387446962,1.25454195137051
"well-being","FP101",100,2.10988452115106,1.81826470174374,2.03993411206596,0.45336824186086,0.316391654449632,0.437867097352438,"wellbeing_self_change",2.48847513575454,1.94986241784442,2.62990327897623,1.83577149821127
"well-being","FP102",50,0.917487634736357,1.07504184190945,0.978760203261635,0.200972408439457,0.432357708267286,0.451953148794309,"wellbeing_self_change",0.524036788730598,0.577846076663698,-0.119365823301196,0.0348103747408171
"well-being","FP104",100,1.7122392849684,2.58050922620579,0.485618726833501,0.0569749424103379,0.38221698674168,0.60654310575763,"wellbeing_self_change",1.78134833185938,2.0694025204549,1.81183163200305,1.7274637157127
"well-being","FP106",91.6666666666667,-1.8150718396512,-0.61079322732157,-3.12275927534695,-2.24747660161608,-1.20419187707255,-2.36844655075633,"wellbeing_self_change",3.17210825547724,2.60700399253716,1.46583961220298,0.966236391289281
"well-being","FP107",100,2.43462932197366,2.14166859294508,0.372445574200087,0.695558894041459,0.400499852152545,0.197862362568162,"wellbeing_self_change",4.06170109741207,3.80053175508554,1.34202965255787,1.75541600152459
"well-being","FP109",91.6666666666667,1.14649253956946,1.6757522141236,-0.455738451894256,0.406646314901118,0.844946308789921,0.0416257524435202,"wellbeing_self_change",0.245910803053896,0.622854739234094,0.272232131124082,0.622377860663677
"well-being","FP110",100,1.56077528366369,1.68833163093437,1.26824635224292,-0.314574258147508,-0.325084875517283,0.848335516312598,"wellbeing_self_change",2.94478204383663,2.57311625929495,2.16329495775825,2.00322151227303
"well-being","FP111",100,0.87920377234763,0.066491929520784,1.31191164513933,0.65927637100495,-0.437500320297364,1.3215833106863,"wellbeing_self_change",2.3238538980672,1.43618550565539,1.87782152351155,0.709058514268221
"well-being","FP113",66.6666666666667,0.884905390227439,0.990128236113233,0.464230683685777,-0.697532742468509,-0.600934096684513,0.472432688322816,"wellbeing_self_change",1.43692004956236,1.346962789432,0.378015251713882,0.333043867425219
"well-being","FP115",91.6666666666667,2.0793421032896,1.96299918012633,1.05607177717899,0.810421477577707,0.918521151656461,0.253569766733393,"wellbeing_self_change",2.14359777901157,1.91227489919041,1.35609165157375,1.20366967019558
"well-being","FP119",100,1.84629053427179,2.17177478814983,0.351100756373244,-0.168155941248109,0.804269132360597,0.333718002333519,"wellbeing_self_change",1.90901546974425,1.33108858866124,2.61960435011953,1.26195853663899
"well-being","FP120",100,1.32687149596569,0.841234516440746,-1.68198986114049,0.306332478782191,0.301599399241108,-0.644681732627204,"wellbeing_self_change",0.603043165071943,0.764201643129879,0.0324100606719455,0.453320004165933
"well-being","FP122",100,1.59059194110073,1.2555213890793,1.56335179293864,-0.0684798945930768,-0.170228390244963,1.1966698521495,"wellbeing_self_change",3.33919940261732,2.67597317015541,1.56851943776348,1.20405789638741
"ill-being","FP001",25,-0.0921127433228578,-0.657821127920923,-0.229402952957649,-0.327260220475457,-0.72028093232815,0.956499163008275,"illbeing_self_change",0.688581211052183,0.741409670607612,0.221594080442598,0.517066012362455
"ill-being","FP002",25,0.6973183132522,0.537269230925567,0.186320430012389,0.453463360461941,0.536582803573322,1.89274417566121,"illbeing_self_change",2.29602310016672,2.52886265497186,2.11469688721569,2.22566413265888
"ill-being","FP003",25,1.42090145640975,1.41407593815376,-1.16343266791546,0.600368816555313,0.399093947242207,0.194959319142611,"illbeing_self_change",1.42458232004724,1.01919919530715,0.152415482115,-0.221284900581719
"ill-being","FP004",16.6666666666667,1.33460744230792,1.42187578673408,0.296014716195668,0.620041322605416,0.952542525092537,1.14346411343022,"illbeing_self_change",1.28438836867,1.37849905556117,1.74830506602638,1.84180365422963
"ill-being","FP005",33.3333333333333,0.909234859000973,0.455389634026275,-1.51131159412166,0.236257010892373,0.335260271201079,-0.659862310944223,"illbeing_self_change",0.807063594742472,1.09973514617105,1.31932744640019,1.46487264707346
"ill-being","FP006",41.6666666666667,2.04300459840275,2.07180554242771,0.107976079678286,0.897776641391019,0.350721665961865,-0.185886633042126,"illbeing_self_change",3.62501165196896,2.32494299546714,2.28836752646992,1.13041944532167
"ill-being","FP007",16.6666666666667,0.61879873278783,-0.0886437028747832,-0.390024385945234,0.520008993560209,-0.00193743865938755,-0.298354286688315,"illbeing_self_change",0.148364742743857,0.210727048931505,0.506915258890088,0.345375909033866
"ill-being","FP008",50,1.04726679426867,1.22931003351766,0.25176125018299,0.0718365365560695,-0.302255827175736,-0.332338651468999,"illbeing_self_change",2.94461659535655,2.03403343484178,1.60710328541533,0.932753713499415
"ill-being","FP009",50,0.685706146461307,0.6129847102017,-0.613938495031813,-0.460153002192282,-0.0898996106970386,-0.671019075015723,"illbeing_self_change",0.552791734569854,0.690543913347394,-0.743289292523674,-0.458315669502334
"ill-being","FP010",50,-0.0947513223204666,0.723870693148038,0.56621002197265,-0.278446234110443,-0.432602788255273,0.565184192482473,"illbeing_self_change",1.56095913863388,0.80499276606175,0.128058267798495,0.0917488366635692
"ill-being","FP011",0,1.17159175424769,0.298408783214933,0.185976943087537,0.533703872841817,0.0682268110954947,1.42053070146571,"illbeing_self_change",1.33305385731296,1.05726851303326,1.27136068039091,0.90074702774076
"ill-being","FP012",41.6666666666667,1.3294281520063,0.841926028440044,-0.746803868849128,0.0465809534954815,0.231510081929855,-0.274195963600601,"illbeing_self_change",1.12614044279061,1.0290976493778,0.760392693967549,0.590715450961929
"ill-being","FP013",58.3333333333333,2.72894166863547,2.71146939572,2.32238070878959,1.20711002956453,1.25984333907492,0.466140316611811,"illbeing_self_change",2.13305634728026,2.34129899530998,0.853185795396024,0.679062547182354
"ill-being","FP014",41.6666666666667,0.635678160840881,0.528635500228443,-0.276615809689168,0.741353277186038,1.11761050704273,0.69559961686275,"illbeing_self_change",0.319859183003986,0.464080371887382,1.28960661925483,1.20119381259484
"ill-being","FP015",8.33333333333333,0.28849141816677,0.137017509549241,0.600085551570404,-0.341965116347732,0.097956742418277,1.27878252420749,"illbeing_self_change",0.916857569678437,0.886337707904908,0.138383191547744,0.0632325241201554
"ill-being","FP016",8.33333333333333,-1.14942307219235,-0.703252449345424,0.0520060045006348,0.552127741070797,1.15614196241541,3.37381348278125,"illbeing_self_change",0.00680679864353133,0.160719541212393,2.35637511678088,2.30274168178245
"ill-being","FP017",8.33333333333333,0.0292744264290234,0.676532629078412,-1.82764375489254,-0.0985131805204331,0.76996810333657,0.736983230321268,"illbeing_self_change",0.476954878397047,0.405584930813905,1.36858157851655,1.01578284339399
"ill-being","FP019",33.3333333333333,2.55691995349026,2.12765022101812,1.3912687029912,0.517673914376453,1.00995835962253,1.39684168186184,"illbeing_self_change",1.16880487870582,1.42421243916238,0.600879368335203,0.683362335382452
"ill-being","FP020",91.6666666666667,1.82998841564727,1.33267073882457,0.500603247445098,0.551105078654553,0.478699689979099,0.553115837268836,"illbeing_self_change",1.00223843960259,1.03764059411875,0.993019749518294,1.01035500173084
"ill-being","FP022",8.33333333333333,1.45169129259773,0.2638514879794,1.42010616706421,1.1859420171853,0.394570645223266,3.16449486641835,"illbeing_self_change",1.67309775488766,1.8588563259512,1.67886156736521,1.86156656490061
"ill-being","FP023",0,1.87402337958111,1.14562182766138,0.473399854877513,2.32393986087789,1.64055120257107,1.73738002232569,"illbeing_self_change",1.39820510522182,1.52943519919774,2.06317748589166,2.13291836043478
"ill-being","FP024",8.33333333333333,1.75799518081774,1.09076357059938,2.24289243121362,0.183167635845257,-0.109614821182921,1.55024525814314,"illbeing_self_change",1.45847562296808,1.90199172496518,0.203426126256323,0.360324082423885
"ill-being","FP025",41.6666666666667,1.30570348358645,1.43169424019471,2.05783402619479,-0.265594776412984,0.448069776127818,0.74705318632492,"illbeing_self_change",1.80231301783621,1.9578336756267,0.330154940978845,0.295375671786059
"ill-being","FP026",16.6666666666667,0.249453204791438,0.153279736220979,-0.612995256779746,-0.130396055893081,0.0977864067419792,0.109555347651878,"illbeing_self_change",0.308540143416267,0.165075148644713,0.26484463023264,0.274729729654222
"ill-being","FP027",50,1.49715578464029,1.75813875033414,0.733026569699259,1.32104891801514,1.33699268882019,2.12443961438697,"illbeing_self_change",2.19486317234162,2.05247483365338,2.170697312874,2.25820554505911
"ill-being","FP028",41.6666666666667,2.44508686990751,2.12961797942789,1.66574949058117,0.929281241633358,2.00388482708485,1.53226043713401,"illbeing_self_change",1.62283687018671,1.91592434738572,1.48131276252855,1.62725374557395
"ill-being","FP029",16.6666666666667,1.86042086980806,2.39571789833442,2.72183670537476,1.30873848172498,1.46344786104485,0.0381103760348559,"illbeing_self_change",4.20432950499631,3.38742141040681,-0.0893256303331154,0.142899468693022
"ill-being","FP030",41.6666666666667,0.742722325259397,0.879298184284486,-0.492096349919707,-1.16969488041111,-1.14149817890086,-0.274306342544992,"illbeing_self_change",1.11525629635055,1.28806824614209,0.114139735832433,0.197033216130464
"ill-being","FP031",8.33333333333333,0.77056513426938,0.573309209241948,0.41172890019226,-0.0681214129288883,-0.608296665618221,0.871291249222963,"illbeing_self_change",0.683617756649549,0.90779933970573,0.625159835826092,0.999180679926322
"ill-being","FP032",25,0.665918178525499,0.438166917526099,-1.17263348621713,-0.486200103970302,-0.429699963252335,-1.53497745730363,"illbeing_self_change",-0.950467246633412,-0.760109946532571,-1.75288511852275,-1.57103786049446
"ill-being","FP033",25,1.50155433266714,1.46361565439762,0.837235871415118,-0.289461847825194,0.240902950432092,0.117463265730784,"illbeing_self_change",1.44780419600242,1.43211178663539,0.0169277502413796,0.336664626040736
"ill-being","FP034",66.6666666666667,0.318664907812482,0.205964306667535,-0.426183138742343,0.261554160231815,0.03192405821938,1.52069766379853,"illbeing_self_change",0.298441877256624,0.165453037319912,0.788938799540192,0.626831474336011
"ill-being","FP035",16.6666666666667,0.444747087728227,0.919466896008443,0.230444991943156,-0.895967738514975,0.069839152676212,-0.0604059965449202,"illbeing_self_change",1.55221400468638,1.60198191470205,1.01309523367671,1.03369252337567
"ill-being","FP036",91.6666666666667,0.963793349089058,0.71599457486191,0.464982495516802,-0.455627446091153,0.0277150890812968,0.900398871551472,"illbeing_self_change",1.21954438222417,0.92854186841388,0.519594577192876,0.344678200641942
"ill-being","FP037",41.6666666666667,1.43322288906997,1.78614498630573,0.932763830560605,0.220203960049868,0.59338339580982,0.577644663106952,"illbeing_self_change",1.63972443290424,1.63691234742864,1.16850507984271,1.24376684329156
"ill-being","FP038",0,-0.370409976618891,-0.383004598570293,-1.23913872991441,-0.0499566741605406,-0.0428250330377335,0.266464034328135,"illbeing_self_change",-0.447954123387375,-0.382372282982424,0.48394939025086,0.362975740564321
"ill-being","FP039",58.3333333333333,0.530458294216503,0.860973116303075,0.656246821604877,0.0258667063270689,0.0876359258287467,0.879403715695321,"illbeing_self_change",0.724693887155914,0.781046633075742,0.579280088332729,0.675454973607314
"ill-being","FP040",0,1.87766867625836,1.98723769263115,1.47142851680228,0.00090157038906418,-0.159502835749961,1.4751026690771,"illbeing_self_change",2.62192115269391,2.26507047197119,1.5432796349524,1.34680793462169
"ill-being","FP041",41.6666666666667,0.695536901301325,0.0855151195426628,-0.355753653413717,0.22981258821453,0.559799302020359,-0.212751169969239,"illbeing_self_change",0.873311529719334,0.832764527500777,1.02365782501495,0.96828739758575
"ill-being","FP042",25,0.613350031419565,0.814036739350689,0.78457044920684,0.066499448343986,0.584495432760012,1.17736511509206,"illbeing_self_change",0.905666161775357,1.26916302583572,0.106898920406078,0.427275886712014
"ill-being","FP043",41.6666666666667,-0.278164727036724,-0.838773547266771,0.104100466532928,0.816293539193556,0.466945511385141,1.17997407195948,"illbeing_self_change",0.0699581171428304,-0.0132022653644642,1.65842463041519,1.13070512119867
"ill-being","FP044",33.3333333333333,1.41704173051619,1.61634828259562,1.20941360300189,-0.162295975639334,-0.645262049698369,1.20423428330356,"illbeing_self_change",1.00907382537993,1.0368603672632,0.551991640418548,0.518596942062319
"ill-being","FP045",41.6666666666667,0.540385817113111,-0.235363227467123,0.371865119891123,-0.452217471733334,-0.749187150828239,-0.577196200402819,"illbeing_self_change",1.03520404926008,0.706331821747028,-0.978961464058491,-0.661321342717892
"ill-being","FP046",33.3333333333333,0.454583890571782,0.632235183946878,-1.63408694303635,-0.435596458376861,-0.0385480313220723,-0.4326877776541,"illbeing_self_change",-0.417600236165557,-0.418108111172803,-0.461572739176029,-0.722609805869894
"ill-being","FP047",33.3333333333333,1.16355340772861,0.610666111145229,0.0788406696434967,-0.107897482735725,-0.697964416409612,-0.716567756893351,"illbeing_self_change",1.42681587452842,1.40981959076253,0.601461158787444,0.44917404143807
"ill-being","FP048",41.6666666666667,1.88865954814046,1.84174560183756,0.963669934990027,0.958768007968378,0.977874236713899,1.79385081653289,"illbeing_self_change",1.87278225260503,1.97761260619066,2.07202812787789,2.10597326521491
"ill-being","FP050",16.6666666666667,1.64197248023941,1.20051567725275,-0.708039246707519,0.420326349083136,0.0814448595762036,0.349739158765514,"illbeing_self_change",0.783872444933596,0.799840392402748,1.06505407246998,0.668965003683485
"ill-being","FP051",0,0.918306864306358,0.844773430790097,0.490994876117989,0.447140997491842,0.307905886981769,-0.381607798465253,"illbeing_self_change",1.28107939906825,0.953642161863628,0.991134500882626,0.552262745414369
"ill-being","FP053",16.6666666666667,1.66789642267268,1.59566393838131,1.4608691884158,0.654520440950915,0.67915122231105,1.64706225810774,"illbeing_self_change",2.01185351786738,1.95443950902928,0.870988583234615,0.967961434085061
"ill-being","FP054",58.3333333333333,1.11266770524295,0.665407421324992,0.651521367775783,0.017640321879846,0.587190295698455,0.357294327350808,"illbeing_self_change",0.832514298079403,0.89003749331671,0.716549213057031,0.701608966398544
"ill-being","FP055",8.33333333333333,-0.340638954117636,0.0865061172534222,-0.933813588353412,-1.07346564595362,-0.762315709520803,0.011831079077233,"illbeing_self_change",0.313865220925378,0.199436411273448,0.658963098953352,0.566330451101404
"ill-being","FP056",25,0.362740558315569,-0.22136875338132,-1.03239047638242,-0.237792653972249,-0.383480521534516,-0.411171602305196,"illbeing_self_change",-0.68695036174846,0.243711948240865,-0.324412545430018,0.228923067780446
"ill-being","FP058",41.6666666666667,2.01003198275645,2.292687695086,1.70735386192847,0.735574684715759,0.875174535523963,0.509389565794752,"illbeing_self_change",1.9583782055533,2.28226063140154,0.824273285623671,0.696008986706933
"ill-being","FP059",58.3333333333333,0.420142709703015,0.533216767223796,0.513239706876019,-0.947826619751579,-0.299887907042844,-0.127830395815489,"illbeing_self_change",2.13440357061812,2.50723922497518,0.950983532565803,0.903764937005565
"ill-being","FP060",16.6666666666667,0.473348096454339,-0.0579039606471429,1.01822646498682,-0.205946066620822,-0.22565612777697,1.42727693904596,"illbeing_self_change",1.75518383650835,1.59296795743539,0.166570320032834,0.618231897935814
"ill-being","FP061",41.6666666666667,1.79908861575862,2.36493544507153,0.678508633738967,1.09587624815044,1.41700469485667,0.77628816897388,"illbeing_self_change",1.75506565902258,2.02517048922459,1.40003539849838,1.48289586490368
"ill-being","FP062",0,0.0867179241679219,-0.250664964310424,0.826159382939539,-0.0694107373192597,0.395419781281228,1.93804585570523,"illbeing_self_change",1.50943375483511,1.70587792953143,1.49968248659507,1.53899454962337
"ill-being","FP063",33.3333333333333,0.587898932899184,0.607396683089722,-0.380413698975934,-0.0978006157400828,0.0752441324942585,0.168210564324999,"illbeing_self_change",-0.0282607275937365,-0.045575315807423,-0.131775537432711,0.149832236226213
"ill-being","FP064",33.3333333333333,0.988507690814941,1.45730052275697,0.331702621747474,-0.330989639383726,0.0173994079852907,1.72117052699557,"illbeing_self_change",1.33622101393179,1.15559866992535,1.6829959931322,1.38868875069335
"ill-being","FP065",50,0.157847943947178,0.329305132571826,0.790822683119885,-0.498348343801968,-0.654073743042371,-0.197650867248141,"illbeing_self_change",1.40266039643561,1.39840023365089,0.4938509686072,0.385783296832187
"ill-being","FP066",16.6666666666667,1.78339129748779,1.61081110195418,0.699841873354861,-0.585776633476227,0.752848096706878,0.369693047516887,"illbeing_self_change",1.03646263948361,1.63808448546969,0.142282425429788,1.07705299398978
"ill-being","FP068",41.6666666666667,1.35150336491607,1.52425515515963,0.791640876693691,1.80460329534729,1.76930971991104,1.77143540013353,"illbeing_self_change",1.46532991714314,1.33901670025796,1.4384707039071,1.26156664793592
"ill-being","FP069",33.3333333333333,-0.397483589542678,-0.0817834970699777,-1.52765230917588,0.000715126934575924,0.197296000370446,0.437014169145781,"illbeing_self_change",-0.303770500090308,-0.274037963865066,0.249033546303956,0.458249744299947
"ill-being","FP070",33.3333333333333,1.81927245301685,1.53562442597163,-0.116629634542378,1.75369560012149,2.41454126172709,0.612275863939381,"illbeing_self_change",0.932635445804522,1.20648959579381,1.15688783857827,1.3734380538746
"ill-being","FP071",0,0.745828799803362,0.895553800915054,0.263530887554114,-1.15498173726128,-0.634808015356033,0.443551998928928,"illbeing_self_change",1.55599568423124,1.56060831826511,1.55234071178306,1.49155770399502
"ill-being","FP072",41.6666666666667,0.317815988043299,0.280012021710066,0.453016028559526,-0.574802256149227,-0.473875376854582,-0.522648932974787,"illbeing_self_change",0.904958278635552,0.989162259126206,-0.182520043388435,-0.141856751741942
"ill-being","FP074",16.6666666666667,2.4214501724482,1.62424982411702,0.231030849417231,1.97158867300175,1.6148584810089,0.340687313444739,"illbeing_self_change",1.33389291746198,1.36010080293513,1.81605270741187,1.91488540358633
"ill-being","FP075",41.6666666666667,0.558599104855305,0.274202303986547,0.608368603684093,0.57753485411091,0.628899655479673,1.69269584686567,"illbeing_self_change",1.12339399802116,1.27312528387634,1.97988242305904,1.93124217880068
"ill-being","FP076",58.3333333333333,1.36689278482502,1.1063225905836,0.878415708360914,-0.163583650574195,-0.567848298306312,0.405587045223605,"illbeing_self_change",1.09715505085409,1.40798228236076,0.254784606816965,0.54667375325649
"ill-being","FP077",8.33333333333333,2.04304858388302,2.17120022303277,-0.023932393598041,-0.167230046888457,-0.123644379333395,0.330009115425842,"illbeing_self_change",2.40513637278461,1.58641692826114,1.41615223187749,1.06252381188604
"ill-being","FP078",16.6666666666667,0.719014151394656,0.599901913332619,0.571983689833091,-0.687553536632585,-0.795945565133747,0.462026192320881,"illbeing_self_change",1.12038519923328,0.944175169648589,-0.0945081454105616,0.193478016466209
"ill-being","FP079",0,0.623983521274484,0.50910028624826,1.13452573457676,-0.211890704279115,-0.185127931506319,-0.0830806104934172,"illbeing_self_change",1.0421351588009,1.3230454205697,-0.235711782799651,-0.130797432790478
"ill-being","FP081",50,1.38850065200694,1.33191312641358,-0.301539838461048,0.13068581024435,0.528788039640053,0.775601195124175,"illbeing_self_change",0.65397411611725,0.875443296050913,0.413754515409878,0.703678285251232
"ill-being","FP084",8.33333333333333,0.789808781886864,1.31701511054634,1.00051952104049,0.123385869975283,0.197171934982336,0.164300988427521,"illbeing_self_change",1.27138884523453,1.43731449751088,1.72067620880503,1.52234843602077
"ill-being","FP086",16.6666666666667,0.236106360622454,-0.298325395003253,0.472309959286745,0.00269143305033648,0.260087323765572,-0.388519990402453,"illbeing_self_change",0.74228342413896,0.882087808627211,-0.423964318920704,-0.330134002242103
"ill-being","FP087",25,-0.379367619675578,0.0313487304052578,0.815731274277164,-1.06802794095542,0.643762078817538,1.04004753322408,"illbeing_self_change",0.378125410591471,0.663537996702064,0.616403270593844,0.685369391543998
"ill-being","FP088",33.3333333333333,1.24228741740929,0.979572508829823,0.248916869692919,0.554261036863821,0.255550293199586,1.10560336362345,"illbeing_self_change",1.46530628164599,0.882576798730229,0.276711917606341,0.118796482198261
"ill-being","FP089",8.33333333333333,0.752432120028676,1.13416611784947,-1.23638311570829,1.56100070925007,1.52540937004082,0.838424567739327,"illbeing_self_change",0.330892233076126,0.280692903436208,0.239873441311217,0.467827211202211
"ill-being","FP090",8.33333333333333,0.320675594079258,0.354218377740671,0.427503054790653,0.185977758215913,0.726982497144881,1.49036275110931,"illbeing_self_change",0.644801179671241,0.847621197395399,0.81575562583245,0.841934422189496
"ill-being","FP092",8.33333333333333,0.736432401580996,0.154303275672882,0.193509727131661,-0.687641507593122,-0.643523100406015,-0.717050954230334,"illbeing_self_change",0.299860007085947,0.485876386626297,0.0168555834682611,0.14940115865283
"ill-being","FP093",8.33333333333333,3.40966645945637,2.80568790562442,1.03218206858532,2.30585083211746,1.93094556510002,-0.096126166711241,"illbeing_self_change",1.65651745363315,1.75843717457489,1.38308920426181,1.35990873734039
"ill-being","FP094",0,1.05261652830633,0.637838465000017,-0.866922404291132,-0.120955122371944,-0.50212313356122,-0.337567371534057,"illbeing_self_change",0.652261724348342,1.08408386735903,0.952634827168548,1.05475196302692
"ill-being","FP095",41.6666666666667,0.230472920237061,0.681810492720117,0.293078481898727,0.214313754423408,0.535957391985721,0.184486441397896,"illbeing_self_change",0.676491654257197,0.790696996579412,0.152560310802047,0.21313361555775
"ill-being","FP096",41.6666666666667,0.961165216643013,1.4090777301,0.975904244560615,0.111575768523182,0.787850807024311,0.453937654151153,"illbeing_self_change",-0.841968496941562,0.704940357262706,-0.581479751383012,0.246866442865559
"ill-being","FP097",58.3333333333333,1.4731287160436,1.64349521321515,1.54911831227734,0.0335285371350452,-0.281459112261539,1.31543914007546,"illbeing_self_change",0.414572528979951,1.12922196848611,0.502248556751895,0.817216133805795
"ill-being","FP098",0,0.355115675311018,-0.90774169990269,-0.161087648948508,-0.102736886263219,-0.893479264917159,1.13511236393156,"illbeing_self_change",0.133415290793069,0.45388349003328,0.975985667787877,1.29527640142289
"ill-being","FP100",50,1.74172055311838,1.80691576951995,-0.629778259492257,-0.0532144037747794,-0.140110500351986,-0.413608429769823,"illbeing_self_change",1.67862846122202,1.73610542803194,1.08421354612912,0.849830796430904
"ill-being","FP101",41.6666666666667,2.49763852245834,1.84972341306476,0.294225496663515,0.55526170653993,0.223632438249612,-0.867400970343735,"illbeing_self_change",1.28572377425928,1.48303507214303,0.214372451722646,0.330023028151419
"ill-being","FP102",66.6666666666667,1.03787039604631,1.05342192263726,0.694975937232906,0.0682033358858884,0.0887814968099375,0.0488694671542573,"illbeing_self_change",0.594157399916372,0.622523951811465,0.182953291597551,0.316251619623999
"ill-being","FP103",25,-1.12094247371847,-1.37738004036745,-1.03801748690416,-0.724209936251376,-0.648851810518257,0.0795276434932017,"illbeing_self_change",0.0259420853227921,-0.134948684128728,0.704638600862418,0.640939467646726
"ill-being","FP104",0,0.627590330656504,1.42152494608738,-0.338137019512801,-0.408912116953451,-0.545923300210906,0.559614301134753,"illbeing_self_change",0.227092220218769,0.645535250776998,0.137202280714896,0.325550735671742
"ill-being","FP106",50,1.1640097570864,0.763678394931185,0.903671645846696,0.329779488857838,-0.204269085339842,0.771007732899912,"illbeing_self_change",1.0463328230957,0.38922893097106,0.545572139811474,-0.34740970152749
"ill-being","FP107",33.3333333333333,2.61904394618453,2.11930631520306,2.54763094341981,1.02234901969655,1.07175207526573,2.3921355703602,"illbeing_self_change",4.38769369192788,3.16862710343015,3.46567620992187,2.3477649325012
"ill-being","FP109",41.6666666666667,0.893916915497455,0.964145689669002,-0.129503061357411,-0.0131757406507393,-0.167908265794375,0.229928603734783,"illbeing_self_change",0.779167799224815,0.599911755062366,0.0550461655314355,0.321103714519647
"ill-being","FP110",41.6666666666667,1.06361289837347,1.66900997213044,0.599902615837392,-0.0684271120167546,0.450752944378038,0.712773963105374,"illbeing_self_change",1.59103530876412,1.60403135851617,0.214036993823588,0.433897707040615
"ill-being","FP111",25,0.363635662839033,0.0408809182367645,0.185844951482706,-0.550208874494082,-1.22634059963832,-0.0641548668744111,"illbeing_self_change",0.665759956773789,0.752246554214192,-1.22002200546269,-0.853218619331322
"ill-being","FP112",33.3333333333333,-1.54174606526252,-1.03824933582912,-3.23025910461482,-2.47429322880582,-1.4461803996506,-2.72306399573547,"illbeing_self_change",-1.05274040637453,-1.72207213117842,-1.1479542605063,-2.17637039382998
"ill-being","FP113",75,1.12848048539949,0.862401902125155,-0.139554492223543,-1.44953600406457,-1.29332573992331,0.513748376277093,"illbeing_self_change",0.951202310594944,1.33216005226932,0.383070639388253,0.771892557165062
"ill-being","FP115",16.6666666666667,0.488659442135816,1.21754416023548,0.45630964363446,-0.409662619210533,-0.0257607541397499,-0.102423169706626,"illbeing_self_change",1.64754778246267,1.75326322782311,1.21763914031255,1.23361069961279
"ill-being","FP119",33.3333333333333,1.64584870068808,2.32578366275831,-0.814318732541254,0.646432610766538,1.66041183396269,0.35196217526793,"illbeing_self_change",2.08589171270667,2.51656599208715,3.40307803296473,3.19105814636211
"ill-being","FP120",0,2.10270938968226,1.54219378996497,1.41067378454354,1.50548553496614,1.71359724214403,1.03564781306304,"illbeing_self_change",2.05860453124076,2.30064450196572,1.75382588606254,1.99547163848137
"ill-being","FP122",0,0.163164139056134,0.166251687784291,1.62978756737022,-0.484145982041761,-0.660454975094722,3.16762870218217,"illbeing_self_change",1.7613054302716,1.91889424315846,0.731077882286731,1.23313457315111
"social","FP001",100,0.97646666559143,0.980508083887698,0.959540373084497,0.0462747045891118,0.147436459826907,0.942736529592276,"social_self_change",1.36585992736465,1.33445399113495,0.29951810333421,0.433795156725792
"social","FP002",100,0.62499518732066,0.699733873584288,1.39624733369974,0.104037207023658,0.395877907980763,2.52754660682507,"social_self_change",1.8194369355253,2.05400292772531,2.18802724123865,2.34047653512625
"social","FP003",91.6666666666667,0.753812164472101,0.957225485028963,0.980442903253048,0.871627273371374,0.736439940664699,1.72236694212708,"social_self_change",2.44645122181225,2.03652512705789,1.77911520295466,1.20705016807351
"social","FP004",100,0.340459163467038,0.404545197348441,0.63155358517127,0.195056361343339,0.415565661372556,0.601869367937446,"social_self_change",1.6046139018799,1.53581723914522,2.40603774006584,2.23912019896822
"social","FP005",100,-0.497284444997973,1.63791227075022,-1.84112851124573,-1.32229150783273,1.52048234704582,-1.68919150835144,"social_self_change",2.10736456187234,2.21268381166997,2.42084245029735,2.48350858672629
"social","FP006",91.6666666666667,2.72052394734908,2.85506491316256,2.62111398891634,1.3796320795478,1.07871804172925,1.35038989953011,"social_self_change",3.52142908568543,2.85475298554029,3.1143614264098,2.26984134328034
"social","FP007",83.3333333333333,-0.305604519083747,-0.474297911024741,-0.847841512645395,-0.327564270107814,-0.161823977129959,-0.454033367361674,"social_self_change",0.265078009472065,0.372143041489152,0.861020160868868,0.727107369677152
"social","FP008",75,0.925910854207781,0.892294542153655,-0.405759946507127,0.166966683825349,0.324869286482208,-0.0284695857170866,"social_self_change",1.17764928174137,1.27965473995781,0.555887160744514,0.684732114587595
"social","FP009",91.6666666666667,2.35679151645346,2.99066228078972,0.277688723903876,0.804780339733267,1.93410313092034,0.0686202740855663,"social_self_change",2.19290142607773,2.51552688811824,1.71859661740128,1.87721281293368
"social","FP010",75,-0.392264162490313,-0.0667909067675395,-0.871916472614267,0.138610894151734,-0.243761539005663,0.118008213526168,"social_self_change",1.41909888470719,0.819946514873882,1.27400968372665,1.00636286447521
"social","FP011",91.6666666666667,0.683176981345866,0.967633757547817,0.971851870728086,-0.688658671824332,-0.175846925239263,1.12554104287949,"social_self_change",1.18927912811668,0.962627355006576,0.537425835628066,0.46053148880477
"social","FP012",66.6666666666667,0.798122037657617,1.00759399874257,-0.222398907213579,-0.623763593873141,0.210835398544946,-0.32972815084012,"social_self_change",0.934826456390828,0.840602751210911,0.891530737606846,0.832620656096778
"social","FP013",83.3333333333333,1.55789423470611,2.03972650416614,0.189707442655654,0.423665946672524,1.01850565131974,-0.371999427138144,"social_self_change",2.24771214398109,2.16800593652221,1.3924226085382,1.14630741909682
"social","FP014",100,1.71265714703095,2.41389551155128,2.22843510514062,1.09201652225687,2.16703589709581,2.00088466593498,"social_self_change",2.78950864527425,2.68810443932881,2.90848187743785,2.58836262112205
"social","FP015",75,0.737977391575428,0.858740956246516,0.331488810785263,-0.0406039865091915,0.28249485486637,1.22992247399814,"social_self_change",0.970742957868169,0.889918841306419,0.357994233044616,0.413237481114929
"social","FP016",100,1.78159339098181,1.50795377670558,0.331335978400722,2.42182404903049,2.68638683180427,2.83430744654387,"social_self_change",1.95678280949531,1.88466853146269,3.66381918373103,3.45991943425056
"social","FP017",91.6666666666667,0.407003147109796,0.170497368074101,-0.586918810077969,0.104955953742767,0.456784352713096,0.484835267892545,"social_self_change",0.423642651013334,0.616591351296913,1.08046037878615,1.03990414244497
"social","FP019",100,1.26062386449624,1.50208609400565,0.154085146965898,0.188744444924804,0.808057194415578,0.527162119603129,"social_self_change",1.54435520188221,1.55684381357497,1.26031904031858,1.36672100825366
"social","FP020",83.3333333333333,0.129885824321966,0.717082689331395,0.325680408291971,0.0763895835823663,0.552980790321394,0.02170667551307,"social_self_change",0.763328470806125,0.820464269100607,1.29600631422948,1.37283373951939
"social","FP022",100,2.50088245162815,2.9675423906367,0.709090548261787,2.21509229176837,2.05446181132766,1.88806657843737,"social_self_change",2.42135032383321,2.36262040200773,2.70400110125534,2.37503232871052
"social","FP023",83.3333333333333,1.84492698438347,1.6939247426934,0.426736577225757,1.1444032292567,1.44921593394164,1.12962429194122,"social_self_change",2.20164656002522,1.67010974170188,2.65459842689585,2.4162612177808
"social","FP024",91.6666666666667,1.57637913278896,0.968971019722931,0.960389441887504,0.343855392362273,0.151207742546611,0.455393421207943,"social_self_change",2.57911726734549,2.88541913692732,1.76965801347567,2.02750029930749
"social","FP025",75,1.47367303636193,1.81851893409642,-0.645690580741321,0.964425640367918,1.77461809143507,-0.420501324688773,"social_self_change",1.81519436378591,1.76046504529623,2.07322884434315,1.80971273071237
"social","FP026",91.6666666666667,1.10995160183637,0.459111087204853,-0.203775740840735,0.864325683646798,0.206397518596507,0.641429799111691,"social_self_change",0.716109474589073,0.918007008106222,0.898550596446552,1.01386735001354
"social","FP027",75,1.5374519827513,2.19727429312396,1.85811760611316,0.48679445777243,0.9111534980757,1.20224283102014,"social_self_change",4.44953597023498,3.75695410766956,3.67494747344518,3.27547536801805
"social","FP029",83.3333333333333,1.88346376328374,2.04933140245051,0.720989089714823,2.14705225197798,2.9024894162321,0.478736638244771,"social_self_change",2.71180694837589,2.38695125514832,1.78782968121802,1.65427209101869
"social","FP030",91.6666666666667,0.40341173264587,0.334861126407366,-0.258510575286158,-1.16366886961432,-1.18946165455808,0.0313366595006193,"social_self_change",1.56377176279537,1.59577605501228,0.580085930001685,0.763183105427554
"social","FP031",91.6666666666667,2.35917223057299,2.59959190659819,2.57060211394478,1.77262035300703,1.54810723448838,2.63782520672096,"social_self_change",2.27191489306822,2.43302778581134,2.2267348740931,2.24857680299944
"social","FP032",100,-0.249700073299445,0.0139162722141182,-1.45866932833529,-0.824414358488135,-0.75394638047047,-1.19973421864762,"social_self_change",1.38706096831305,0.59619758758871,0.864000908547587,0.469479003773118
"social","FP033",83.3333333333333,1.63022835700771,1.48451355378819,1.09153197791545,0.399091808664997,0.94150375633903,0.519985172575538,"social_self_change",2.1861298561427,2.01681451128773,1.56505345209055,1.38178125448774
"social","FP034",66.6666666666667,1.61934195064125,2.36771674700989,1.33009715513826,0.436756575418944,0.709486226633218,2.37718424061999,"social_self_change",2.20077204663047,2.1488094794633,1.53522121826284,1.40136836461902
"social","FP035",100,0.610216065950432,1.37567668360447,0.434595094937944,-0.775529995354691,0.402235242191961,-0.0680002994832258,"social_self_change",1.96903781477038,1.97493754268592,1.55758920437349,1.64696904359876
"social","FP036",33.3333333333333,0.449583841102256,0.0772754489921978,-0.777561772178389,-0.605537110486867,-0.460717327209106,0.143869305504274,"social_self_change",1.22418875741521,1.14678246600918,1.17050297301275,1.34323698615908
"social","FP037",41.6666666666667,0.820532639854436,1.68235717064631,0.115183130054348,-0.180328922912427,0.877523642462756,0.328530963827882,"social_self_change",1.29464617443544,1.2177867053797,1.45742221842586,1.49629333103312
"social","FP038",91.6666666666667,0.866013626452103,1.31638969895873,0.648473982653721,0.0091081833629064,0.471672707750934,0.697980097034087,"social_self_change",0.264488303818038,0.358202149383049,0.944923009046282,0.881068354828384
"social","FP039",100,0.235612623606439,0.690535747064207,0.22260422748776,-0.147589980130052,0.402616082256281,0.61909697395044,"social_self_change",1.15889333297371,1.24213194058214,1.42350507291221,1.51537135210153
"social","FP040",100,2.19162053986007,2.08499003223787,-0.135753751508996,0.792739314509755,0.512344291068499,0.112339521445008,"social_self_change",3.25844872658591,2.88806184079289,2.86779368134172,2.49250371434081
"social","FP041",83.3333333333333,-0.275426081071505,-0.202992330464667,0.445949460476326,-0.366152182128897,0.560739961725287,0.55917124159573,"social_self_change",1.22124613801936,1.22173458135847,1.90048659410845,1.89883627931646
"social","FP042",100,1.11132614809476,1.07958243172837,0.444350123603754,0.751288497541694,0.999631441456534,0.923617043910039,"social_self_change",1.37978123518918,1.39437685184738,0.809346028041584,1.02346312947202
"social","FP043",91.6666666666667,-1.10105004026702,-0.817748531699865,-0.298490137696796,0.359923288304369,1.23873696915515,1.82625436957853,"social_self_change",-0.405947936067946,-0.446803920085915,1.01667633958806,0.9788024673664
"social","FP044",91.6666666666667,0.683946727250565,1.22183051770172,0.88204354779194,-0.37555627781031,-0.300461455230497,1.53657525041475,"social_self_change",1.50346579180338,1.42398951720365,0.947818344935203,1.11764460610366
"social","FP045",83.3333333333333,-0.576468206214398,0.258730739931654,0.799267058306145,-0.522957670193711,-0.249693288258469,0.450413246737948,"social_self_change",0.272318744025621,0.521752439919748,0.524195673173688,0.294594458137778
"social","FP046",66.6666666666667,-1.50401202137715,-0.942424077455743,-1.84285752408095,-0.973244729161759,-0.729845153436095,-0.788383540013067,"social_self_change",-0.0925261170692038,-0.186490398296058,0.441088763849022,0.393558808202552
"social","FP047",41.6666666666667,1.55542554962603,2.05188897991851,1.21872248460576,0.640010730647331,0.552645203615852,0.612539847149043,"social_self_change",1.86759426097942,1.92051582063244,1.2931840116101,1.27886468853989
"social","FP048",100,1.30255302356222,1.24361823032667,1.27848920953009,-0.346501668818928,-0.129903071391752,1.83272273009597,"social_self_change",3.525470755699,3.4483689930263,3.3677744931819,3.37551320012835
"social","FP050",100,2.18046472242696,2.45692687956645,0.660506059473048,0.976994491354652,1.42415370861412,0.346913303412964,"social_self_change",2.3085380959105,2.04065996984076,1.71780439210461,1.35768925552671
"social","FP051",91.6666666666667,0.133654830162477,0.553290953791667,-0.236994399937254,-0.99240590400374,-0.312599524677008,-1.14334833132072,"social_self_change",2.34219504385979,2.2415054636243,1.40387273977912,1.23999445671055
"social","FP052",100,-1.55600835723959,-1.03686122718347,-1.10095664162881,-0.543060134313438,0.386619274160744,0.126776778619031,"social_self_change",0.881924304882761,0.925895569032844,0.42096005205349,0.475632022662526
"social","FP053",100,-0.374852510126013,-0.262289484404514,-0.792829573017899,-0.609253883569558,-0.797867561720032,-0.248934622949709,"social_self_change",0.694636625423395,0.590318919806109,0.514518146034062,0.267088998697625
"social","FP054",66.6666666666667,1.82665101733189,1.79407703570945,1.30878552818281,0.884042175177169,1.75422865674987,1.59256747856935,"social_self_change",2.21894774394297,2.25070638769505,2.36095516927725,2.38183361209006
"social","FP055",91.6666666666667,1.01693330743848,0.978077622596046,0.427687534285124,-0.180533455395675,-0.375256613389917,0.384248402442602,"social_self_change",2.33292992897487,1.94226868918579,1.95903699494042,1.52992617178398
"social","FP056",100,2.1836316770063,1.88523458808756,2.09265356592534,1.57324516731982,1.64772563956379,2.02600166488936,"social_self_change",2.10513100739116,2.64650432541768,2.37457154156375,2.7666243683752
"social","FP058",100,0.265566735669312,0.888953929039396,-0.693227627379443,-0.193561954651216,0.138409685912534,-1.38547187870886,"social_self_change",1.71190724121682,1.26779313444417,1.00084916358303,0.587829392101897
"social","FP059",91.6666666666667,2.25314523038568,2.27679308839624,2.14882332664785,1.39732523898581,2.43588152541133,2.31192172489802,"social_self_change",2.44346133142209,2.46412899456944,3.14835284304502,3.08651542542206
"social","FP060",100,0.999058707894356,0.698005093586042,0.359562884816295,0.666682426245165,0.735036578077887,-0.503897634400762,"social_self_change",1.65530022552964,0.777886174983445,1.0565574561632,0.722210592144331
"social","FP061",83.3333333333333,1.08374725196639,0.8970741103841,0.362601007369596,0.527620131102175,0.731787488610595,0.335063390445918,"social_self_change",1.21317461574079,1.2137633235762,1.37193615750714,1.40071643761764
"social","FP062",100,0.411007475269743,1.03933745029861,0.872580290042072,0.23727857367161,1.42223171202784,1.64710857095154,"social_self_change",1.55818196771812,1.506150641057,1.96073285221611,1.90140369969829
"social","FP063",83.3333333333333,0.483918357181371,0.663810842150141,0.387948026781519,-0.461966853434855,-0.347231055759524,-0.42979939996242,"social_self_change",0.630836146176975,0.869769572649724,0.440957551534261,0.91968587338191
"social","FP064",83.3333333333333,1.19657000885518,1.536417630912,1.22144722358268,-0.341323478154315,0.129237999557133,1.70567116193706,"social_self_change",1.93926890610316,1.88983528718355,2.0194317952912,1.95453208779934
"social","FP065",83.3333333333333,1.72780464679843,1.82708656438185,-0.478832351455292,0.7428047980349,0.745973653890322,-0.513560809259701,"social_self_change",1.09720468539812,1.20702173208239,0.484461860989643,0.713786816283832
"social","FP066",100,2.46525421261063,2.88832358954059,1.01773246131962,-0.0742353946862147,1.73003590606853,0.932825581019005,"social_self_change",2.98906314775727,2.63024180897688,2.5323357822833,2.71596085034116
"social","FP068",100,2.60182912884444,2.50510391039993,2.34871727929738,2.05410543398553,1.477389963266,1.92484669522214,"social_self_change",2.54693753796842,2.57688435950055,1.61347822334946,1.62701934485435
"social","FP069",83.3333333333333,0.95609039185703,1.27398374253116,1.28155357602821,0.133481637333919,0.438097766326169,2.0729783261175,"social_self_change",2.4471130157326,1.95312714588515,1.77030169652921,1.69149053027712
"social","FP070",41.6666666666667,3.79443494629042,3.72092437528421,1.43811414449524,1.95724940643421,3.12054450512855,0.0461431072278047,"social_self_change",3.73875748202931,3.23891583522347,3.7801277600983,3.47408236522993
"social","FP071",75,2.47393584677863,2.2005182979442,1.23171323729175,0.290471864415861,0.355558182239312,0.996166113723261,"social_self_change",2.6785754393754,2.57830099259312,3.03906288766543,2.861439459452
"social","FP072",91.6666666666667,-0.298589934617922,0.0368378611320424,1.16338635507166,-0.822413019135916,-0.310745662361241,0.118924435952685,"social_self_change",1.19623978202895,1.19221899491972,0.643481283663597,0.694943195935018
"social","FP074",91.6666666666667,1.86966331884949,1.97403286423278,0.924689958124747,0.689719821535811,1.85885035452609,0.783381752882631,"social_self_change",2.42306389737698,2.37725414994363,2.83221781411317,2.82584717518576
"social","FP076",83.3333333333333,0.139480707024044,0.328425997096247,-0.644299651665851,-0.655642070697762,-0.570049950480549,0.0123738656065729,"social_self_change",-0.0519746945996894,-0.0865037874299937,-0.0686122810256824,0.0429506356059424
"social","FP077",100,1.32489764753864,1.97652434128908,-0.824546152213827,0.499691550405668,1.17342467775082,-0.628391961701167,"social_self_change",2.15655003145273,1.54963480507093,1.81818181289667,1.55992213886985
"social","FP078",100,1.1735106208244,1.82710690297006,0.937719304847241,-0.47345311178848,0.244200344046394,0.795338185390417,"social_self_change",2.22834285406224,1.97651237845888,1.1472796311521,1.16292057009822
"social","FP079",91.6666666666667,-0.51673977273925,-0.987850314233191,-0.0473747973086745,-0.646564567207343,-0.91641102312919,-0.835761579220808,"social_self_change",0.0199677407068224,0.004281288127692,-0.493997035146274,-0.512506185864054
"social","FP081",91.6666666666667,2.37143318319784,3.12399698047799,1.60694761656935,0.445871466567591,1.37346994678318,1.32701735102554,"social_self_change",3.40124258265024,2.5650047764096,2.28704302480205,1.79863363420019
"social","FP084",91.6666666666667,0.496101235578749,1.21184427088832,0.360026013254298,0.389070816622818,0.436428985163156,0.0809973044031322,"social_self_change",2.22823649432504,2.28759278083371,1.83322171501312,1.73689468216522
"social","FP087",83.3333333333333,0.72045467587345,1.01503283738209,-0.746684227335977,-0.285182610413569,1.35223137604002,-1.73170669896015,"social_self_change",1.49269982284909,1.58103444161249,2.62225335345527,2.67331823193082
"social","FP088",50,1.28467842401809,0.816243476171979,0.0634699771026772,-0.0780500354625035,-0.0364452755330289,0.0636725186062307,"social_self_change",0.754940232865675,1.15371102430708,-0.455509739952456,-0.0486341205539092
"social","FP089",100,-1.41958189200169,-0.978850488948203,-2.26588675816049,0.0760173564555938,0.700323692642513,0.403011279227577,"social_self_change",0.254628756179664,-0.0198428588289067,0.921142633773915,1.23131064255175
"social","FP090",100,0.591417771320667,0.565407667720552,0.800988352334058,0.50615191782011,0.908702698195833,1.1958362209611,"social_self_change",2.08175550070447,2.11350151761306,2.29121458612983,2.24397302636611
"social","FP092",100,0.516420328188799,0.185369960706073,0.602926844537554,-0.196193386008281,-0.117883474221592,0.738383421965498,"social_self_change",1.19467983921669,1.16421712049103,1.89929825616345,1.95892710129177
"social","FP093",91.6666666666667,0.878780412100045,0.626331908717572,-1.17037187567821,0.331828662419848,0.716625071096565,-0.959061807031894,"social_self_change",0.168020022178286,0.0100588859706178,0.608263155670566,0.318057237667141
"social","FP095",83.3333333333333,-0.72147184010466,-0.581897178115589,-0.957780485020085,-1.53729803357036,-1.35706179074101,-0.977332223911125,"social_self_change",-0.0714133547026882,-0.167341042489725,-0.244681258580379,-0.167901967949234
"social","FP096",91.6666666666667,2.6332402599412,2.4128175663759,2.55565078420457,1.94887017244305,2.67670566381409,2.69121619681545,"social_self_change",2.5643805348691,2.97937714701596,3.3423242555264,3.75458677636209
"social","FP097",66.6666666666667,1.32719588888267,2.24886312213045,-0.649761479711371,0.721647782025734,1.18230755615357,0.0111984456309205,"social_self_change",1.30193772530788,1.9061517363563,1.42921157075228,2.00093610525696
"social","FP098",100,1.0008181271051,0.325091485558453,0.0955356779527867,0.636409419450345,0.465915870356774,1.34188377388545,"social_self_change",1.53575188091765,1.52944598574413,1.93812967422051,2.27488095875166
"social","FP100",75,1.09391339609345,0.947661263921018,-0.136087203984358,-0.0988386730744203,-0.197700229811212,-0.169906386288821,"social_self_change",0.459378340937437,0.578396190529592,0.832560704938048,1.04499869558495
"social","FP101",100,2.34708172168418,2.70918130454585,0.324913158846346,0.225358508518837,0.732646793962665,-0.38949487576445,"social_self_change",2.90124545807639,2.97611241897523,2.71504274132767,2.70110936724798
"social","FP102",66.6666666666667,0.703696207891138,0.677036009136725,0.907260891241222,0.0123049381051229,-0.0113742029196382,0.397418231457957,"social_self_change",0.265978521913686,0.596398936454658,-0.132695261488063,0.307596373052898
"social","FP103",100,1.22678803379967,0.804284386301758,3.18310491081878,-1.4125552115288,-1.04949149046478,-0.511831024543759,"social_self_change",2.02891834681358,1.57676296924201,0.800657544670768,0.562221113485977
"social","FP104",91.6666666666667,1.1921824571984,1.22154577746671,-0.458087284955663,0.0400548827698892,-1.08571451607509,-0.181574135403585,"social_self_change",1.58487826175514,1.44538642972614,0.793552274041265,0.800672570518022
"social","FP107",100,1.77148222870508,1.34325188934325,0.629484172934125,0.53252341251511,0.912495844897868,1.45826795035568,"social_self_change",1.81773517973011,1.73451261468166,2.16824636586243,2.03218465118817
"social","FP109",83.3333333333333,0.154093783206258,1.00670418550818,-0.0907801207752225,-0.462986766758582,0.190950869312176,0.213409584231934,"social_self_change",0.381733369232242,0.183126434028534,0.157968486303841,0.281263283461851
"social","FP110",91.6666666666667,0.84446074112052,1.12387479221285,0.643358729055975,-0.329223072532441,-0.019871665075724,0.880708194129031,"social_self_change",1.77008601746483,1.83747379549057,1.24062481458419,1.54161690767386
"social","FP111",91.6666666666667,1.66980979106436,1.51772646834273,1.70277660919954,0.780401387294431,0.113796434919856,0.950053958912729,"social_self_change",2.09274600688173,1.86425319466171,0.496539583207772,0.373140308018949
"social","FP112",100,-1.2573579425863,-0.725055415911542,-1.41312064645766,-1.9806221910119,-1.1768618991591,-1.06173738173723,"social_self_change",0.855176012751998,0.682489958709458,0.822178839995602,0.420547853557345
"social","FP113",66.6666666666667,1.02359710769917,0.995375591872616,0.337067964701743,-0.106665889288206,0.0273673500692966,0.59122513267067,"social_self_change",0.331551663446761,0.323888707109976,0.819240179285769,0.816417706354669
"social","FP115",100,1.95245498908494,2.6592449858318,2.57039370614768,1.25013332745219,2.05892104679373,1.43193137984789,"social_self_change",3.41983190116296,3.31151288794426,3.20424186202099,2.98158447829019
"social","FP119",100,1.45739840866257,2.50364970134258,0.454721113092109,0.17209868973568,1.66263382472514,0.175007746033428,"social_self_change",2.26670326594545,2.0247174542762,2.66877183259407,2.2026745495822
"social","FP120",100,2.67804496977974,3.44020609609839,0.813369319243347,1.65580041559883,2.73149273581733,0.585089452747856,"social_self_change",3.08606322808302,2.81499737106187,2.32989746194376,2.48705389761019
"social","FP122",91.6666666666667,0.588399267737238,2.08417140406223,2.01896211263171,0.346245453396364,2.08622560147191,3.24399086280162,"social_self_change",2.33211450432301,2.45532717271512,2.04059906493658,2.23090518624861
